obs_value,mase,median,q5,q95
2.705354356,1.541413148,2.21897615,1.659039855,2.74826964
