"obs_value","mase","median","q5","q95"
2.70535435633978,0.810360150266346,2.6761404773036,2.4376341933036,2.9151230008036
